,Date,Close,Close_nrml
0,2018-08-31,11680.5,100.0
1,2018-09-03,11582.349609,99.15970728136638
2,2018-09-04,11520.299805,98.62848170026969
3,2018-09-05,11476.950195,98.25735366636702
4,2018-09-06,11536.900391,98.77060392106502
5,2018-09-07,11589.099609,99.2174959034288
6,2018-09-10,11438.099609,97.9247430246993
7,2018-09-11,11287.5,96.63541800436624
8,2018-09-12,11369.900391,97.34087060485423
9,2018-09-14,11515.200195,98.58482252472068
10,2018-09-17,11377.75,97.40807328453405
11,2018-09-18,11278.900391,96.5617943666795
12,2018-09-19,11234.349609,96.18038276614872
13,2018-09-21,11143.099609,95.39916620863833
14,2018-09-24,10967.400391,93.89495647446599
15,2018-09-25,11067.450195,94.75151059458071
16,2018-09-26,11053.799805,94.63464581995635
17,2018-09-27,10977.549805,93.98184842258466
18,2018-09-28,10930.450195,93.57861559864732
19,2018-10-01,11008.299805,94.24510770086899
20,2018-10-03,10858.25,92.96048970506399
21,2018-10-04,10599.25,90.7431188733359
22,2018-10-05,10316.450195,88.32199131030349
23,2018-10-08,10348.049805,88.59252433543085
24,2018-10-09,10301.049805,88.1901443003296
25,2018-10-10,10460.099609,89.55181378365653
26,2018-10-11,10234.650391,87.62168050169085
27,2018-10-12,10472.5,89.65797697016394
28,2018-10-15,10512.5,90.00042806386713
29,2018-10-16,10584.75,90.6189803518685
30,2018-10-17,10453.049805,89.4914584564017
31,2018-10-19,10303.549805,88.21154749368606
32,2018-10-22,10245.25,87.71242669406276
33,2018-10-23,10146.799805,86.86956727023673
34,2018-10-24,10224.75,87.53692050853988
35,2018-10-25,10124.900391,86.68208031334275
36,2018-10-26,10030.0,85.86961174607252
37,2018-10-29,10250.849609,87.76036649972177
38,2018-10-30,10198.400391,87.31133419802234
39,2018-10-31,10386.599609,88.92255989897694
40,2018-11-01,10380.450195,88.86991306022858
41,2018-11-02,10553.0,90.3471597962416
42,2018-11-05,10524.0,90.0988827533068
43,2018-11-06,10530.0,90.15025041736226
44,2018-11-07,10598.400391,90.73584513505413
45,2018-11-09,10585.200195,90.62283459612173
46,2018-11-12,10482.200195,89.74102302983604
47,2018-11-13,10582.5,90.59971747784769
48,2018-11-14,10576.299805,90.54663588887463
49,2018-11-15,10616.700195,90.892514832413
50,2018-11-16,10682.200195,91.45327849835195
51,2018-11-19,10763.400391,92.14845589657976
52,2018-11-20,10656.200195,91.23068528744489
53,2018-11-21,10600.049805,90.74996622576089
54,2018-11-22,10526.75,90.12242626599888
55,2018-11-26,10628.599609,90.99438901588117
56,2018-11-27,10685.599609,91.48238182440821
57,2018-11-28,10728.849609,91.85265706947477
58,2018-11-29,10858.700195,92.96434394931723
59,2018-11-30,10876.75,93.11887333590172
60,2018-12-03,10883.75,93.17880227729978
61,2018-12-04,10869.5,93.05680407516802
62,2018-12-05,10782.900391,92.31540080476006
63,2018-12-06,10601.150391,90.75938864774625
64,2018-12-07,10693.700195,91.55173318779161
65,2018-12-10,10488.450195,89.79453101322716
66,2018-12-11,10549.150391,90.3142022259321
67,2018-12-12,10737.599609,91.92756824622235
68,2018-12-13,10791.549805,92.38945083686487
69,2018-12-14,10805.450195,92.50845593082488
70,2018-12-17,10888.349609,93.2181808056162
71,2018-12-18,10908.700195,93.39240781644621
72,2018-12-19,10967.299805,93.89409532982322
73,2018-12-20,10951.700195,93.76054274217714
74,2018-12-21,10754.0,92.06797654210008
75,2018-12-24,10663.5,91.29318094259663
76,2018-12-26,10729.849609,91.86121834681735
77,2018-12-27,10779.799805,92.28885582808955
78,2018-12-28,10859.900391,92.97461916013869
79,2018-12-31,10862.549805,92.99730152818802
80,2019-01-01,,
81,2019-01-02,10792.5,92.39758571978939
82,2019-01-03,10672.25,91.3680921193442
83,2019-01-04,10727.349609,91.8398151534609
84,2019-01-07,10771.799805,92.22036560934892
85,2019-01-08,10802.150391,92.48020539360472
86,2019-01-09,10855.150391,92.93395309276143
87,2019-01-10,10821.599609,92.64671554299902
88,2019-01-11,10794.950195,92.41856251872778
89,2019-01-14,10737.599609,91.92756824622235
90,2019-01-15,10886.799805,93.20491250374556
91,2019-01-16,10890.299805,93.23487697444459
92,2019-01-17,10905.200195,93.36244334574718
93,2019-01-18,10906.950195,93.3774255810967
94,2019-01-21,10961.849609,93.8474346902958
95,2019-01-22,10922.75,93.51269209366038
96,2019-01-23,10831.5,92.73147553615
97,2019-01-24,10849.799805,92.88814524207012
98,2019-01-25,10780.549805,92.2952767860965
99,2019-01-28,10661.549805,91.27648478232953
100,2019-01-29,10652.200195,91.19644017807457
101,2019-01-30,10651.799805,91.19301232823938
102,2019-01-31,10830.950195,92.72676850306065
103,2019-02-01,10893.650391,93.26356227045073
104,2019-02-04,10912.25,93.4227986815633
105,2019-02-05,10934.349609,93.61199956337487
106,2019-02-06,11062.450195,94.70870420786781
107,2019-02-07,11069.400391,94.7682067634091
108,2019-02-08,10943.599609,93.69119137879373
109,2019-02-11,10888.799805,93.22203505843072
110,2019-02-12,10831.400391,92.73062275587517
111,2019-02-14,10746.049805,91.9999127177775
112,2019-02-15,10724.400391,91.81456608021917
113,2019-02-18,10640.950195,91.10012580797054
114,2019-02-19,10604.349609,90.78677804032363
115,2019-02-20,10735.450195,91.90916651684431
116,2019-02-21,10789.849609,92.37489498737213
117,2019-02-22,10791.650391,92.39031198150764
118,2019-02-25,10880.099609,93.14755026753993
119,2019-02-26,10835.299805,92.76400672060272
120,2019-02-27,10806.650391,92.51873114164633
121,2019-02-28,10792.5,92.39758571978939
122,2019-03-01,10863.5,93.00543641111254
123,2019-03-05,10987.450195,94.06660840717434
124,2019-03-06,11053.0,94.62779846753135
125,2019-03-07,11058.200195,94.67231877916184
126,2019-03-08,11035.400391,94.4771233337614
127,2019-03-11,11168.049805,95.61277175634605
128,2019-03-12,11301.200195,96.75270917340868
129,2019-03-13,11341.700195,97.09944090578314
130,2019-03-14,11343.25,97.11270921621505
131,2019-03-15,11426.849609,97.82842865459527
132,2019-03-18,11462.200195,98.13107482556397
133,2019-03-19,11532.400391,98.73207817302341
134,2019-03-20,11521.049805,98.63490265827663
135,2019-03-22,11456.900391,98.08570173365865
136,2019-03-25,11354.25,97.20688326698344
137,2019-03-26,11483.25,98.3112880441762
138,2019-03-27,11445.049805,97.98424558024058
139,2019-03-28,11570.0,99.05397885364496
140,2019-04-01,11669.150391,99.90283284962116
141,2019-04-02,11713.200195,100.27995543855144
142,2019-04-03,11643.950195,99.6870869825778
143,2019-04-04,11598.0,99.2936946192372
144,2019-04-05,11665.950195,99.87543508411456
145,2019-04-08,11604.5,99.34934292196395
146,2019-04-09,11671.950195,99.92680274817002
147,2019-04-10,11584.299805,99.17640345019477
148,2019-04-11,11596.700195,99.28256662814091
149,2019-04-12,11643.450195,99.6828063439065
150,2019-04-15,11690.349609,100.08432523436497
151,2019-04-16,11787.150391,100.91306357604554
152,2019-04-18,11752.799805,100.61897868241942
153,2019-04-22,11594.450195,99.26330375412012
154,2019-04-23,11575.950195,99.1049201232824
155,2019-04-24,11726.150391,100.39082565814819
156,2019-04-25,11641.799805,99.6686768973931
157,2019-04-26,11754.650391,100.6348220624117
158,2019-04-30,11748.150391,100.57917375968495
159,2019-05-02,11724.75,100.37883652240916
160,2019-05-03,11712.25,100.27182055562689
161,2019-05-06,11598.25,99.29583493857284
162,2019-05-07,11497.900391,98.43671410470442
163,2019-05-08,11359.450195,97.25140357861393
164,2019-05-09,11301.799805,96.75784260091606
165,2019-05-10,11278.900391,96.5617943666795
166,2019-05-13,11148.200195,95.442833739994
167,2019-05-14,11222.049805,96.07508073284534
168,2019-05-15,11157.0,95.51817131115963
169,2019-05-16,11257.099609,96.3751518256924
170,2019-05-17,11407.150391,97.65977818586532
171,2019-05-20,11828.25,101.26492872736613
172,2019-05-21,11709.099609,100.24484918453834
173,2019-05-22,11737.900391,100.49142066692349
174,2019-05-23,11657.049805,99.79923637686743
175,2019-05-24,11844.099609,101.40062162578658
176,2019-05-27,11924.75,102.09109199092505
177,2019-05-28,11928.75,102.12533710029537
178,2019-05-29,11861.099609,101.54616334061042
179,2019-05-30,11945.900391,102.27216635418004
180,2019-05-31,11922.799805,102.07439583065793
181,2019-06-03,12088.549805,103.49342755019049
182,2019-06-04,12021.650391,102.92068311288043
183,2019-06-06,11843.75,101.3976285261761
184,2019-06-07,11870.650391,101.62793023415094
185,2019-06-10,11922.700195,102.07354304182184
186,2019-06-11,11965.599609,102.44081682290998
187,2019-06-12,11906.200195,101.93228196566928
188,2019-06-13,11914.049805,101.99948465391037
189,2019-06-14,11823.299805,101.22254873507129
190,2019-06-17,11672.150391,99.92851668164889
191,2019-06-18,11691.5,100.09417405076837
192,2019-06-19,11691.450195,100.09374765635033
193,2019-06-20,11831.75,101.29489319806515
194,2019-06-21,11724.099609,100.37326834467703
195,2019-06-24,11699.650391,100.16395180856983
196,2019-06-25,11796.450195,100.99268177732117
197,2019-06-26,11847.549805,101.43015971062883
198,2019-06-27,11841.549805,101.37879204657337
199,2019-06-28,11788.849609,100.92761105260905
200,2019-07-01,11865.599609,101.58468908865204
201,2019-07-02,11910.299805,101.96737986387569
202,2019-07-03,11916.75,102.0226017721844
203,2019-07-04,11946.75,102.2794400924618
204,2019-07-05,11811.150391,101.11853423226745
205,2019-07-08,11558.599609,98.95637694448011
206,2019-07-09,11555.900391,98.93326819057403
207,2019-07-10,11498.900391,98.44527538204699
208,2019-07-11,11582.900391,99.16442267882367
209,2019-07-12,11552.5,98.90415650014982
210,2019-07-15,11588.349609,99.21107494542186
211,2019-07-16,11662.599609,99.8467497881084
212,2019-07-17,11687.5,100.05992894139806
213,2019-07-18,11596.900391,99.28428056161978
214,2019-07-19,11419.25,97.7633662942511
215,2019-07-22,11346.200195,97.13796665382475
216,2019-07-23,11331.049805,97.00825996318652
217,2019-07-24,11271.299805,96.49672364196739
218,2019-07-25,11252.150391,96.3327801977655
219,2019-07-26,11284.299805,96.60802024742092
220,2019-07-29,11189.200195,95.79384611103976
221,2019-07-30,11085.400391,94.90518720089037
222,2019-07-31,11118.0,95.18428149479902
223,2019-08-01,10980.0,94.00282522152305
224,2019-08-02,10997.349609,94.15136003595738
225,2019-08-05,10862.599609,92.99772791404479
226,2019-08-06,10948.25,93.73100466589615
227,2019-08-07,10855.5,92.9369461923719
228,2019-08-08,11032.450195,94.45186588759043
229,2019-08-09,11109.650391,95.11279817644792
230,2019-08-13,10925.849609,93.53922870596294
231,2019-08-14,11029.400391,94.42575566970591
232,2019-08-16,11047.799805,94.58327815590086
233,2019-08-19,11053.900391,94.63550696459912
234,2019-08-20,11017.0,94.31959248319849
235,2019-08-21,10918.700195,93.478020589872
236,2019-08-22,10741.349609,91.95967303625702
237,2019-08-23,10829.349609,92.713065442404
238,2019-08-26,11057.849609,94.66931731518343
239,2019-08-27,11105.349609,95.07597798895596
240,2019-08-28,11046.099609,94.56872230640812
241,2019-08-29,10948.299805,93.73143106031421
242,2019-08-30,11023.25,94.3731004665896
243,2019-09-03,10797.900391,92.44381996489875
244,2019-09-04,10844.650391,92.84405968066434
245,2019-09-05,10847.900391,92.87188383202773
246,2019-09-06,10946.200195,93.71345571679294
247,2019-09-09,11003.049805,94.20016099482044
248,2019-09-11,11035.700195,94.4796900389538
249,2019-09-12,10982.799805,94.0267951286332
250,2019-09-13,11075.900391,94.82385506613586
251,2019-09-16,11003.5,94.20401523907367
252,2019-09-17,10817.599609,92.6124704336287
253,2019-09-18,10840.650391,92.80981457129404
254,2019-09-19,10704.799805,91.64676002739608
255,2019-09-20,11274.200195,96.52155468515902
256,2019-09-23,11600.200195,99.31253109883994
257,2019-09-24,11588.200195,99.20979577072899
258,2019-09-25,11440.200195,97.94272672402722
259,2019-09-26,11571.200195,99.06425405590514
260,2019-09-27,11512.400391,98.56085262617181
261,2019-09-30,11474.450195,98.23595047301058
262,2019-10-01,11359.900391,97.25525783142844
263,2019-10-03,11314.0,96.8622918539446
264,2019-10-04,11174.75,95.67013398399041
265,2019-10-07,11126.400391,95.25619957193612
266,2019-10-09,11313.299805,96.85629729035573
267,2019-10-10,11234.549805,96.18209669962758
268,2019-10-11,11305.049805,96.78566675227944
269,2019-10-14,11341.150391,97.09473388125508
270,2019-10-15,11428.299805,97.84084418475237
271,2019-10-16,11464.0,98.14648345533153
272,2019-10-17,11586.349609,99.19395239073671
273,2019-10-18,11661.849609,99.84032883010146
274,2019-10-22,11588.349609,99.21107494542186
275,2019-10-23,11604.099609,99.34591506356749
276,2019-10-24,11582.599609,99.16184760070203
277,2019-10-25,11583.900391,99.17298395616625
278,2019-10-27,,
279,2019-10-29,11786.849609,100.9104884979239
280,2019-10-30,11844.099609,101.40062162578658
281,2019-10-31,11877.450195,101.68614524207011
282,2019-11-01,11890.599609,101.79872102221653
283,2019-11-04,11941.299805,102.23277946149567
284,2019-11-05,11917.200195,102.02645601643765
285,2019-11-06,11966.049805,102.4446710757245
286,2019-11-07,12012.049805,102.83848983348317
287,2019-11-08,11908.150391,101.94897813449766
288,2019-11-11,11913.450195,101.99435122640297
289,2019-11-13,11840.450195,101.36937798039467
290,2019-11-14,11872.099609,101.64033739137881
291,2019-11-15,11895.450195,101.84024823423654
292,2019-11-18,11884.5,101.74650057788621
293,2019-11-19,11940.099609,102.2225042506742
294,2019-11-20,11999.099609,102.72761961388639
295,2019-11-21,11968.400391,102.46479509438808
296,2019-11-22,11914.400391,102.00248611788878
297,2019-11-25,12073.75,103.3667223149694
298,2019-11-26,12037.700195,103.05808993621848
299,2019-11-27,12100.700195,103.597450408801
300,2019-11-28,12151.150391,104.0293685287445
301,2019-11-29,12056.049805,103.21518603655666
302,2019-12-02,12048.200195,103.14798334831556
303,2019-12-03,11994.200195,102.68567437181626
304,2019-12-04,12043.200195,103.10517696160267
305,2019-12-05,12018.400391,102.89285896151705
306,2019-12-06,11921.5,102.06326783956166
307,2019-12-09,11937.5,102.20024827704293
308,2019-12-10,11856.799805,101.5093515260477
309,2019-12-11,11910.150391,101.96610068918281
310,2019-12-12,11971.799805,102.49389842044434
311,2019-12-13,12086.700195,103.47759252600488
312,2019-12-16,12053.950195,103.1972106930354
313,2019-12-17,12165.0,104.14793887247977
314,2019-12-18,12221.650391,104.63293858139633
315,2019-12-19,12259.700195,104.95869350627115
316,2019-12-20,12271.799805,105.06228162321818
317,2019-12-23,12262.75,104.98480373271693
318,2019-12-24,12214.549805,104.57214849535552
319,2019-12-26,12126.549805,103.81875608920852
320,2019-12-27,12245.799805,104.83968841231113
321,2019-12-30,12255.849609,104.92572757159368
322,2019-12-31,12168.450195,104.17747694876076
323,2020-01-01,12182.5,104.29776122597491
324,2020-01-02,12282.200195,105.15132224647917
325,2020-01-03,12226.650391,104.67574496810923
326,2020-01-06,11993.049805,102.67582556397414
327,2020-01-07,12052.950195,103.18864941569281
328,2020-01-08,12025.349609,102.95235314412912
329,2020-01-09,12215.900391,104.5837112366765
330,2020-01-10,12256.799805,104.93386246307949
331,2020-01-13,12329.549805,105.55669538975216
332,2020-01-14,12362.299805,105.83707722272165
333,2020-01-15,12343.299805,105.67441295321262
334,2020-01-16,12355.5,105.77886220624117
335,2020-01-17,12352.349609,105.75189083515262
336,2020-01-20,12224.549805,104.6577612687813
337,2020-01-21,12169.849609,104.18945772013184
338,2020-01-22,12106.900391,103.65053200633534
339,2020-01-23,12180.349609,104.27935113222892
340,2020-01-24,12248.25,104.86066521124953
341,2020-01-27,12119.0,103.75412011472112
342,2020-01-28,12055.799805,103.21304571722101
343,2020-01-29,12129.5,103.8440135268182
344,2020-01-30,12035.799805,103.04182017036942
345,2020-01-31,11962.099609,102.41085235221095
346,2020-02-03,11707.900391,100.2345823466461
347,2020-02-04,11979.650391,102.5611094644921
348,2020-02-05,12089.150391,103.49856933350455
349,2020-02-06,12137.950195,103.91635798981207
350,2020-02-07,12098.349609,103.57732639013742
351,2020-02-10,12031.5,103.00500834724542
352,2020-02-11,12107.900391,103.65909328367793
353,2020-02-12,12201.200195,104.45785878173024
354,2020-02-13,12174.650391,104.2305585462951
355,2020-02-14,12113.450195,103.70660669491886
356,2020-02-17,12045.799805,103.12743294379523
357,2020-02-18,11992.5,102.6711185308848
358,2020-02-19,12125.900391,103.81319627584435
359,2020-02-20,12080.849609,103.42750403664228
360,2020-02-24,11829.400391,101.27477754376952
361,2020-02-25,11797.900391,101.00509730747827
362,2020-02-26,11678.5,99.98287744531484
363,2020-02-27,11633.299805,99.59590603998117
364,2020-02-28,11201.75,95.90128847224005
365,2020-03-02,11132.75,95.31056033560206
366,2020-03-03,11303.299805,96.77068451692993
367,2020-03-04,11251.0,96.3229313813621
368,2020-03-05,11269.0,96.47703437352853
369,2020-03-06,10989.450195,94.0837309618595
370,2020-03-09,10451.450195,89.47776375155173
371,2020-03-11,10458.400391,89.537266307093
372,2020-03-12,9590.150391,82.10393725439835
373,2020-03-13,9955.200195,85.22922987029663
374,2020-03-16,9197.400391,78.74149557810026
375,2020-03-17,8967.049805,76.76940032532855
376,2020-03-18,8468.799805,72.5037438893883
377,2020-03-19,8263.450195,70.74568892598775
378,2020-03-20,8745.450195,74.87222460511109
379,2020-03-23,7610.25,65.15346089636573
380,2020-03-24,7801.049805,66.78695094388083
381,2020-03-25,8317.849609,71.21141739651556
382,2020-03-26,8641.450195,73.98185176148282
383,2020-03-27,8660.25,74.14280210607423
384,2020-03-30,8281.099609,70.89679045417577
385,2020-03-31,8597.75,73.60772227216302
386,2020-04-01,8253.799805,70.6630692607337
387,2020-04-03,8083.799805,69.20765211249518
388,2020-04-07,8792.200195,75.27246432087668
389,2020-04-08,8748.75,74.9004751508925
390,2020-04-09,9111.900391,78.0095063653097
391,2020-04-13,8993.849609,76.99884088009932
392,2020-04-15,8925.299805,76.41196699627585
393,2020-04-16,8992.799805,76.98985321689996
394,2020-04-17,9266.75,79.3352168143487
395,2020-04-20,9261.849609,79.29326320791063
396,2020-04-21,8981.450195,76.89268605795985
397,2020-04-22,9187.299805,78.65502166003168
398,2020-04-23,9313.900391,79.73888438851075
399,2020-04-24,9154.400391,78.37336065236933
400,2020-04-27,9282.299805,79.46834300757673
401,2020-04-28,9380.900391,80.31248997046359
402,2020-04-29,9553.349609,81.78887555327256
403,2020-04-30,9859.900391,84.41334181755917
404,2020-05-04,9293.5,79.5642309832627
405,2020-05-05,9205.599609,78.81169135739053
406,2020-05-06,9270.900391,79.37074946277984
407,2020-05-07,9199.049805,78.755616668807
408,2020-05-08,9251.5,79.20465733487436
409,2020-05-11,9239.200195,79.09935529300971
410,2020-05-12,9196.549805,78.73421347545055
411,2020-05-13,9383.549805,80.3351723385129
412,2020-05-14,9142.75,78.27361842386884
413,2020-05-15,9136.849609,78.22310354008819
414,2020-05-18,8823.25,75.5382903129147
415,2020-05-19,8879.099609,76.01643430503832
416,2020-05-20,9066.549805,77.62124742091521
417,2020-05-21,9106.25,77.96113180086469
418,2020-05-22,9039.25,77.38752621891186
419,2020-05-26,9029.049805,77.30019952056847
420,2020-05-27,9314.950195,79.74787205171012
421,2020-05-28,9490.099609,81.2473747613544
422,2020-05-29,9580.299805,82.01960365566543
423,2020-06-01,9826.150391,84.12439870724711
424,2020-06-02,9979.099609,85.43383938187579
425,2020-06-03,10061.549805,86.13971837678181
426,2020-06-04,10029.099609,85.86190324900475
427,2020-06-05,10142.150391,86.82976234750224
428,2020-06-08,10167.450195,87.04636098625915
429,2020-06-09,10046.650391,86.0121603612859
430,2020-06-10,10116.150391,86.60716913659518
431,2020-06-11,9902.0,84.77376824622233
432,2020-06-12,9972.900391,85.38076615727066
433,2020-06-15,9813.700195,84.01780912632164
434,2020-06-16,9914.0,84.8765035743333
435,2020-06-17,9881.150391,84.59526896108899
436,2020-06-18,10091.650391,86.39741784170198
437,2020-06-19,10244.400391,87.705152955781
438,2020-06-22,10311.200195,88.27704460425495
439,2020-06-23,10471.0,89.64513505415009
440,2020-06-24,10305.299805,88.22652972903558
441,2020-06-25,10288.900391,88.08612979752579
442,2020-06-26,10383.0,88.89174264800307
443,2020-06-29,10312.400391,88.2873198150764
444,2020-06-30,10302.099609,88.19913196352897
445,2020-07-01,10430.049805,89.29454907752236
446,2020-07-02,10551.700195,90.33603180514532
447,2020-07-03,10607.349609,90.81246187235136
448,2020-07-06,10763.650391,92.1505962159154
449,2020-07-07,10799.650391,92.45880220024827
450,2020-07-08,10705.75,91.65489491032062
451,2020-07-09,10813.450195,92.57694614956552
452,2020-07-10,10768.049805,92.18826081931425
453,2020-07-13,10802.700195,92.48491241813278
454,2020-07-14,10607.349609,90.81246187235136
455,2020-07-15,10618.200195,90.90535674842685
456,2020-07-16,10739.950195,91.94769226488592
457,2020-07-17,10901.700195,93.33247887504815
458,2020-07-20,11022.200195,94.36411279482898
459,2020-07-21,11162.25,95.56311801720817
460,2020-07-22,11132.599609,95.30927279654125
461,2020-07-23,11215.450195,96.01857964128247
462,2020-07-24,11194.150391,95.83622611189588
463,2020-07-27,11131.799805,95.30242545267754
464,2020-07-28,11300.549805,96.74714100423783
465,2020-07-29,11202.849609,95.91070252985746
466,2020-07-30,11102.150391,95.04858859637856
467,2020-07-31,11073.450195,94.80287825863618
468,2020-08-03,10891.599609,93.24600495697959
469,2020-08-04,11095.25,94.98951243525534
470,2020-08-05,11101.650391,95.04430795770729
471,2020-08-06,11200.150391,95.88759377595136
472,2020-08-07,11214.049805,96.0065905141047
473,2020-08-10,11270.150391,96.48688318993193
474,2020-08-11,11322.5,96.93506271135654
475,2020-08-12,11308.400391,96.8143520482856
476,2020-08-13,11300.450195,96.74628821540173
477,2020-08-14,11178.400391,95.70138599375026
478,2020-08-17,11247.099609,96.2895390522666
479,2020-08-18,11385.349609,97.47313564487821
480,2020-08-19,11408.400391,97.67047978254355
481,2020-08-20,11312.200195,96.84688322417703
482,2020-08-21,11371.599609,97.35541808141775
483,2020-08-24,11466.450195,98.16746025426994
484,2020-08-25,11472.25,98.2171139934078
485,2020-08-26,11549.599609,98.8793254483969
486,2020-08-27,11559.25,98.96194512221224
487,2020-08-28,11647.599609,99.71833062796969
488,2020-08-31,11387.5,97.49154573862421
489,2020-09-01,11470.25,98.19999143872266
490,2020-09-02,11535.0,98.75433414665467
491,2020-09-03,11527.450195,98.68969817216728
492,2020-09-04,11333.849609,97.03222986173537
493,2020-09-07,11355.049805,97.21373061940842
494,2020-09-08,11317.349609,96.89096878558281
495,2020-09-09,11278.0,96.55408586961175
496,2020-09-10,11449.25,98.02020461452848
497,2020-09-11,11464.450195,98.15033769958478
498,2020-09-14,11440.049805,97.94143919352769
499,2020-09-15,11521.799805,98.64132361628354
500,2020-09-16,11604.549805,99.34976931638201
501,2020-09-17,11516.099609,98.59252265742049
502,2020-09-18,11504.950195,98.49706943195923
503,2020-09-21,11250.549805,96.31907713710886
504,2020-09-22,11153.650391,95.48949437952142
505,2020-09-23,11131.849609,95.30285183853432
506,2020-09-24,10805.549805,92.50930871966098
507,2020-09-25,11050.25,94.60425495483926
508,2020-09-28,11227.549805,96.12216775822954
509,2020-09-29,11222.400391,96.07808219682376
510,2020-09-30,11247.549805,96.29339330508112
511,2020-10-01,11416.950195,97.74367702581225
512,2020-10-05,11503.349609,98.48336637130261
513,2020-10-06,11662.400391,99.84504422755874
514,2020-10-07,11738.849609,100.49954718548008
515,2020-10-08,11834.599609,101.31928949103207
516,2020-10-09,11914.200195,102.00077218440991
517,2020-10-12,11930.950195,102.14417357989811
518,2020-10-13,11934.5,102.1745644450152
519,2020-10-14,11971.049805,102.4874774624374
520,2020-10-15,11680.349609,99.99871246093917
521,2020-10-16,11762.450195,100.70159834767347
522,2020-10-19,11873.049805,101.6484722828646
523,2020-10-20,11896.799805,101.85180261975087
524,2020-10-21,11937.650391,102.20153581610376
525,2020-10-22,11896.450195,101.84880951157913
526,2020-10-23,11930.349609,102.13903179658405
527,2020-10-26,11767.75,100.74697144814007
528,2020-10-27,11889.400391,101.7884541843243
529,2020-10-28,11729.599609,100.42035537006122
530,2020-10-29,11670.799805,99.9169539403279
531,2020-10-30,11642.400391,99.67381868070716
532,2020-11-02,11669.150391,99.90283284962116
533,2020-11-03,11813.5,101.13864988656307
534,2020-11-04,11908.5,101.95197123410813
535,2020-11-05,12120.299805,103.76524810581739
536,2020-11-06,12263.549805,104.9916510851419
537,2020-11-09,12461.049805,106.68250336030137
538,2020-11-10,12631.099609,108.13834689439665
539,2020-11-11,12749.150391,109.14901237960703
540,2020-11-12,12690.799805,108.64945682975899
541,2020-11-13,12719.950195,108.89902140319334
542,2020-11-14,,
543,2020-11-17,12874.200195,110.21959843328624
544,2020-11-18,12938.25,110.76794657762939
545,2020-11-19,12771.700195,109.34206750567184
546,2020-11-20,12859.049805,110.089891742648
547,2020-11-23,12926.450195,110.66692517443602
548,2020-11-24,13055.150391,111.76876324643636
549,2020-11-25,12858.400391,110.08433192928383
550,2020-11-26,12987.0,111.18530884808013
551,2020-11-27,12968.950195,111.03077946149564
552,2020-12-01,13109.049805,112.2302110782929
553,2020-12-02,13113.75,112.27045075125208
554,2020-12-03,13133.900391,112.4429638371645
555,2020-12-04,13258.549805,113.51012204100851
556,2020-12-07,13355.75,114.34227986815633
557,2020-12-08,13392.950195,114.66076105474936
558,2020-12-09,13529.099609,115.82637394803305
559,2020-12-10,13478.299805,115.39146273704037
560,2020-12-11,13513.849609,115.69581446855872
561,2020-12-14,13558.150391,116.07508574975385
562,2020-12-15,13567.849609,116.15812344505801
563,2020-12-16,13682.700195,117.14139116476179
564,2020-12-17,13740.700195,117.63794525063138
565,2020-12-18,13760.549805,117.80788326698344
566,2020-12-21,13328.400391,114.10813228029622
567,2020-12-22,13466.299805,115.28872740892942
568,2020-12-23,13601.099609,116.44278591669878
569,2020-12-24,13749.25,117.71114250246137
570,2020-12-28,13873.200195,118.77231449852317
571,2020-12-29,13932.599609,119.28084935576389
572,2020-12-30,13981.950195,119.70335340952869
573,2020-12-31,13981.75,119.70163948461109
574,2021-01-01,14018.5,120.01626642695089
575,2021-01-04,14132.900391,120.99567990240143
576,2021-01-05,14199.5,121.56585762595779
577,2021-01-06,14146.25,121.10996960746543
578,2021-01-07,14137.349609,121.03377089165703
579,2021-01-08,14347.25,122.83078635332392
580,2021-01-11,14484.75,124.00796198792861
581,2021-01-12,14563.450195,124.68173618423867
582,2021-01-13,14564.849609,124.69371695560977
583,2021-01-14,14595.599609,124.9569762338941
584,2021-01-15,14433.700195,123.57091044903899
585,2021-01-18,14281.299805,122.26616844313172
586,2021-01-19,14521.150391,124.31959583065793
587,2021-01-20,14644.700195,125.37733996832327
588,2021-01-21,14590.349609,124.91202952784558
589,2021-01-22,14371.900391,123.04182518727794
590,2021-01-25,14238.900391,121.90317530071486
591,2021-01-27,13967.5,119.57964128247936
592,2021-01-28,13817.549805,118.29587607551046
593,2021-01-29,13634.599609,116.7295887076752
594,2021-02-01,14281.200195,122.26531565429562
595,2021-02-02,14647.849609,125.40430297504388
596,2021-02-03,14789.950195,126.62086550233293
597,2021-02-04,14895.650391,127.52579419545395
598,2021-02-05,14924.25,127.7706433799923
599,2021-02-08,15115.799805,129.41055438551433
600,2021-02-09,15109.299805,129.35490608278755
601,2021-02-10,15106.5,129.3309361756774
602,2021-02-11,15173.299805,129.90282783271266
603,2021-02-12,15163.299805,129.81721505928684
604,2021-02-15,15314.700195,131.11339578785154
605,2021-02-16,15313.450195,131.1026941911733
606,2021-02-17,15208.900391,130.207614323017
607,2021-02-18,15118.950195,129.4375257480416
608,2021-02-19,14981.75,128.26291682719062
609,2021-02-22,14675.700195,125.64273956594323
610,2021-02-23,14707.799805,125.91755322974187
611,2021-02-24,14982.0,128.26505714652626
612,2021-02-25,15097.349609,129.25259714053337
613,2021-02-26,14529.150391,124.38808604939857
614,2021-03-01,14761.549805,126.37772188690552
615,2021-03-02,14919.099609,127.72654945421857
616,2021-03-03,15245.599609,130.52180650657078
617,2021-03-04,15080.75,129.11048328410598
618,2021-03-05,14938.099609,127.8892137237276
619,2021-03-08,14956.200195,128.0441778605368
620,2021-03-09,15098.400391,129.26159317666196
621,2021-03-10,15174.799805,129.91566974872651
622,2021-03-12,15030.950195,128.6841333418946
623,2021-03-15,14929.5,127.81559008604084
624,2021-03-16,14910.450195,127.65249942211379
625,2021-03-17,14721.299805,126.0331304738667
626,2021-03-18,14557.849609,124.63378801421172
627,2021-03-19,14744.0,126.22747313899234
628,2021-03-22,14736.400391,126.16241077864817
629,2021-03-23,14814.75,126.83318351097984
630,2021-03-24,14549.400391,124.5614519155858
631,2021-03-25,14324.900391,122.6394451521767
632,2021-03-26,14507.299805,124.20101712255469
633,2021-03-30,14845.099609,127.09301493086768
634,2021-03-31,14690.700195,125.77115872608194
635,2021-04-01,14867.349609,127.28350335174008
636,2021-04-05,14637.799805,125.31826381576133
637,2021-04-06,14683.5,125.70951585976628
638,2021-04-07,14819.049805,126.86999533410386
639,2021-04-08,14873.799805,127.33872526861008
640,2021-04-09,14834.849609,127.00526183810625
641,2021-04-12,14310.799805,122.51872612473782
642,2021-04-13,14504.799805,124.17961392919825
643,2021-04-15,14581.450195,124.8358391764051
644,2021-04-16,14617.849609,125.1474646547665
645,2021-04-19,14359.450195,122.93523560635246
646,2021-04-20,14296.400391,122.39544874791318
647,2021-04-22,14406.150391,123.33504893626129
648,2021-04-23,14341.349609,122.78027146954327
649,2021-04-26,14485.0,124.01010230726423
650,2021-04-27,14653.049805,125.44882329523566
651,2021-04-28,14864.549805,127.25953345319124
652,2021-04-29,14894.900391,127.51937323744701
653,2021-04-30,14631.099609,125.26090157955568
654,2021-05-03,14634.150391,125.28702017036942
655,2021-05-04,14496.5,124.10855699670391
656,2021-05-05,14617.849609,125.1474646547665
657,2021-05-06,14724.799805,126.06309494456573
658,2021-05-07,14823.150391,126.90510158811693
659,2021-05-10,14942.349609,127.92559915243356
660,2021-05-11,14850.75,127.14138949531271
661,2021-05-12,14696.5,125.82081246521982
662,2021-05-14,14677.799805,125.66071490946449
663,2021-05-17,14923.150391,127.76122932237487
664,2021-05-18,15108.099609,129.3446308719661
665,2021-05-19,15030.150391,128.6772859980309
666,2021-05-20,14906.049805,127.61482646290827
667,2021-05-21,15175.299805,129.91995038739782
668,2021-05-24,15197.700195,130.11172633876973
669,2021-05-25,15208.450195,130.20376007020246
670,2021-05-26,15301.450195,130.99995886306237
671,2021-05-27,15337.849609,131.31158434142372
672,2021-05-28,15435.650391,132.14888396044688
673,2021-05-31,15582.799805,133.40867090449896
674,2021-06-01,15574.849609,133.3406070716151
675,2021-06-02,15576.200195,133.3521698129361
676,2021-06-03,15690.349609,134.32943460468303
677,2021-06-04,15670.25,134.1573562775566
678,2021-06-07,15751.650391,134.85424760070202
679,2021-06-08,15740.099609,134.75535815247633
680,2021-06-09,15635.349609,133.85856435084116
681,2021-06-10,15737.75,134.73524249818072
682,2021-06-11,15799.349609,135.26261383502418
683,2021-06-14,15811.849609,135.36962980180644
684,2021-06-15,15869.25,135.86105046872993
685,2021-06-16,15767.549805,134.9903668935405
686,2021-06-17,15691.400391,134.33843064081162
687,2021-06-18,15683.349609,134.26950566328497
688,2021-06-21,15746.5,134.8101536749283
689,2021-06-22,15772.75,135.034887205171
690,2021-06-23,15686.950195,134.30033127862677
691,2021-06-24,15790.450195,135.18642348358375
692,2021-06-25,15860.349609,135.78485175292155
693,2021-06-28,15814.700195,135.3940344591413
694,2021-06-29,15748.450195,134.82684983519542
695,2021-06-30,15721.5,134.59612174136382
696,2021-07-01,15680.0,134.24082873164676
697,2021-07-02,15722.200195,134.6021163049527
698,2021-07-05,15834.349609,135.56225854201446
699,2021-07-06,15818.25,135.42442532425838
700,2021-07-07,15879.650391,135.9500911005522
701,2021-07-08,15727.900391,134.65091726381576
702,2021-07-09,15689.799805,134.32472758015496
703,2021-07-12,15692.599609,134.34869747870383
704,2021-07-13,15812.349609,135.37391044047774
705,2021-07-14,15853.950195,135.73006459483753
706,2021-07-15,15924.200195,136.33149432815375
707,2021-07-16,15923.400391,136.32464698429004
708,2021-07-19,15752.400391,134.86066855870894
709,2021-07-20,15632.099609,133.83074019947776
710,2021-07-22,15824.049805,135.47407906339626
711,2021-07-23,15856.049805,135.7480399383588
712,2021-07-26,15824.450195,135.47750691323145
713,2021-07-27,15746.450195,134.80972728051023
714,2021-07-28,15709.400391,134.49253363297805
715,2021-07-29,15778.450195,135.08368815547277
716,2021-07-30,15763.049805,134.95184114549892
717,2021-08-02,15885.150391,135.9971781259364
718,2021-08-03,16130.75,138.09982449381448
719,2021-08-04,16258.799805,139.1960943880827
720,2021-08-05,16294.599609,139.5025864389367
721,2021-08-06,16238.200195,139.0197354137237
722,2021-08-09,16258.25,139.19138735499337
723,2021-08-10,16280.099609,139.3784479174693
724,2021-08-11,16282.25,139.39685801121527
725,2021-08-12,16364.400391,140.1001702923676
726,2021-08-13,16529.099609,141.51020597577158
727,2021-08-16,16563.050781,141.80087137536924
728,2021-08-17,16614.599609,142.24219518856214
729,2021-08-18,16568.849609,141.85051675013912
730,2021-08-20,16450.5,140.83729292410428
731,2021-08-23,16496.449219,141.2306769316382
732,2021-08-24,16624.599609,142.32780796198793
733,2021-08-25,16634.650391,142.41385549419974
734,2021-08-26,16636.900391,142.43311836822053
735,2021-08-27,16705.199219,143.01784357690167
736,2021-08-30,16931.050781,144.95142143743848
737,2021-08-31,17132.199219,146.6735090021831
738,2021-09-01,17076.25,146.19451222122342
739,2021-09-02,17234.150391,147.54634126107615
740,2021-09-03,17323.599609,148.312140824451
741,2021-09-06,17377.800781,148.7761720902359
742,2021-09-07,17362.099609,148.64175000214033
743,2021-09-08,17353.5,148.56812636445358
744,2021-09-09,17369.25,148.7029664825992
745,2021-09-13,17355.300781,148.58354335002784
746,2021-09-14,17380.0,148.79500021403194
747,2021-09-15,17519.449219,149.988863653097
748,2021-09-16,17629.5,150.93103891100552
749,2021-09-17,17585.150391,150.55134960832154
750,2021-09-20,17396.900391,148.93968914858095
751,2021-09-21,17562.0,150.35315269038142
752,2021-09-22,17546.650391,150.22174043063222
753,2021-09-23,17822.949219,152.58721132656993
754,2021-09-24,17853.199219,152.84618996618292
755,2021-09-27,17855.099609,152.86245973203202
756,2021-09-28,17748.599609,151.9506836950473
757,2021-09-29,17711.300781,151.63135808398616
758,2021-09-30,17618.150391,150.8338717606267
759,2021-10-01,17532.050781,150.09674912032878
760,2021-10-04,17691.25,151.4596977869098
761,2021-10-05,17822.300781,152.58165986901247
762,2021-10-06,17646.0,151.0722999871581
763,2021-10-07,17790.349609,152.3081170241
764,2021-10-08,17895.199219,153.20576361457128
765,2021-10-11,17945.949219,153.6402484397072
766,2021-10-12,17991.949219,154.03406719746584
767,2021-10-13,18161.75,155.48777877659347
768,2021-10-14,18338.550781,157.00141929711916
769,2021-10-18,18477.050781,158.18715620906642
770,2021-10-19,18418.75,157.6880270536364
771,2021-10-20,18266.599609,156.3854253585035
772,2021-10-21,18178.099609,155.62775231368522
773,2021-10-22,18114.900391,155.08668628055304
774,2021-10-25,18125.400391,155.17657969265014
775,2021-10-26,18268.400391,156.400842352639
776,2021-10-27,18210.949219,155.90898693549076
777,2021-10-28,17857.25,152.880869825778
778,2021-10-29,17671.650391,151.29190009845468
779,2021-11-01,17929.650391,153.5007096528402
780,2021-11-02,17888.949219,153.15225563118017
781,2021-11-03,17829.199219,152.64071930996104
782,2021-11-04,17916.800781,153.39070057788624
783,2021-11-08,18068.550781,154.68987441462266
784,2021-11-09,18044.25,154.48182868884038
785,2021-11-10,18017.199219,154.25023945036597
786,2021-11-11,17873.599609,153.02084336286975
787,2021-11-12,18102.75,154.98266341338126
788,2021-11-15,18109.449219,155.04001728521894
789,2021-11-16,17999.199219,154.09613645819954
790,2021-11-17,17898.650391,153.23531005522025
791,2021-11-18,17764.800781,152.08938642181414
792,2021-11-22,17416.550781,149.10792158726082
793,2021-11-23,17503.349609,149.8510304267797
794,2021-11-24,17415.050781,149.09507967124696
795,2021-11-25,17536.25,150.13269979881
796,2021-11-26,17026.449219,145.76815392320532
797,2021-11-29,17053.949219,146.00358905012627
798,2021-11-30,16983.199219,145.39787867813877
799,2021-12-01,17166.900391,146.97059535978767
800,2021-12-02,17401.650391,148.9803552159582
801,2021-12-03,17196.699219,147.22571139077948
802,2021-12-06,16912.25,144.79046273704037
803,2021-12-07,17176.699219,147.05448584392792
804,2021-12-08,17469.75,149.56337485552845
805,2021-12-09,17516.849609,149.9666076709045
806,2021-12-10,17511.300781,149.91910261547022
807,2021-12-13,17368.25,148.69440520525663
808,2021-12-14,17324.900391,148.32327717991524
809,2021-12-15,17221.400391,147.43718497495826
810,2021-12-16,17248.400391,147.6683394632079
811,2021-12-17,16985.199219,145.41500123282393
812,2021-12-20,16614.199219,142.23876733872692
813,2021-12-21,16770.849609,143.5798947733402
814,2021-12-22,16955.449219,145.16030323188218
815,2021-12-23,17072.599609,146.16326021146355
816,2021-12-24,17003.75,145.5738196138864
817,2021-12-27,17086.25,146.28012499464919
818,2021-12-28,17233.25,147.53863276400838
819,2021-12-29,17213.599609,147.37040031676727
820,2021-12-30,17203.949219,147.2877806515132
821,2021-12-31,17354.050781,148.57284175334962
822,2022-01-03,17625.699219,150.8984993707461
823,2022-01-04,17805.25,152.43568340396388
824,2022-01-05,17925.25,153.4630366850734
825,2022-01-06,17745.900391,151.92757494114122
826,2022-01-07,17812.699219,152.49945823380847
827,2022-01-10,18003.300781,154.13125106801937
828,2022-01-11,18055.75,154.58028337828006
829,2022-01-12,18212.349609,155.92097606266856
830,2022-01-13,18257.800781,156.31009615170586
831,2022-01-14,18255.75,156.29253884679594
832,2022-01-17,18308.099609,156.74071836822054
833,2022-01-18,18113.050781,155.07085125636746
834,2022-01-19,17938.400391,153.5756208295878
835,2022-01-20,17757.0,152.0226017721844
836,2022-01-21,17617.150391,150.82531048328408
837,2022-01-24,17149.099609,146.8181979281709
838,2022-01-25,17277.949219,147.92131517486408
839,2022-01-27,17110.150391,146.4847428705963
840,2022-01-28,17101.949219,146.41453036257008
841,2022-01-31,17339.849609,148.45126158126794
842,2022-02-01,17576.849609,150.4802843114593
843,2022-02-02,17780.0,152.21951115106373
844,2022-02-03,17560.199219,150.33773570480716
845,2022-02-04,17516.300781,149.96190900218315
846,2022-02-07,17213.599609,147.37040031676727
847,2022-02-08,17266.75,147.8254355549848
848,2022-02-09,17463.800781,149.51244194169772
849,2022-02-10,17605.849609,150.7285613543941
850,2022-02-11,17374.75,148.75005350798338
851,2022-02-14,16842.800781,144.19588871195583
852,2022-02-15,17352.449219,148.55913033688626
853,2022-02-16,17322.199219,148.3001516972732
854,2022-02-17,17304.599609,148.149476554942
855,2022-02-18,17276.300781,147.90720243996404
856,2022-02-21,17206.650391,147.3109061341552
857,2022-02-22,17092.199219,146.33105790847992
858,2022-02-23,17063.25,146.08321561576986
859,2022-02-24,16247.950195,139.10320786781386
860,2022-02-25,16658.400391,142.617185831086
861,2022-02-28,16793.900391,143.7772389110055
862,2022-03-02,16605.949219,142.16813680065064
863,2022-03-03,16498.050781,141.24438834810155
864,2022-03-04,16245.349609,139.08094352981465
865,2022-03-07,15863.150391,135.80883002439964
866,2022-03-08,16013.450195,137.09558833097896
867,2022-03-09,16345.349609,139.93707126407259
868,2022-03-10,16594.900391,142.0735447198322
869,2022-03-11,16630.449219,142.37788809554382
870,2022-03-14,16871.300781,144.43988511621936
871,2022-03-15,16663.0,142.6565643594024
872,2022-03-16,16975.349609,145.3306759898977
873,2022-03-17,17287.050781,147.99923617139677
874,2022-03-21,17117.599609,146.54851769187965
875,2022-03-22,17315.5,148.24279782543556
876,2022-03-23,17245.650391,147.6447959505158
877,2022-03-24,17222.75,147.44873935191129
878,2022-03-25,17153.0,146.85159025726637
879,2022-03-28,17222.0,147.44231839390437
880,2022-03-29,17325.300781,148.32670502975046
881,2022-03-30,17498.25,149.80737125979195
882,2022-03-31,17464.75,149.52056846881555
883,2022-04-01,17670.449219,151.28161653182653
884,2022-04-04,18053.400391,154.56016772398442
885,2022-04-05,17957.400391,153.73828509909677
886,2022-04-06,17807.650391,152.4562338170455
887,2022-04-07,17639.550781,151.01708643465605
888,2022-04-08,17784.349609,152.25674936004452
889,2022-04-11,17674.949219,151.32014227986815
890,2022-04-12,17530.300781,150.08176688497926
891,2022-04-13,17475.650391,149.6138897393091
892,2022-04-18,17173.650391,147.02838398185008
893,2022-04-19,16958.650391,145.1877093531955
894,2022-04-20,17136.550781,146.71076393133856
895,2022-04-21,17392.599609,148.90286896108898
896,2022-04-22,17171.949219,147.01381977655063
897,2022-04-25,16953.949219,145.1474613158683
898,2022-04-26,17200.800781,147.2608260005993
899,2022-04-27,17038.400391,145.8704712212662
900,2022-04-28,17245.050781,147.63966252300844
901,2022-04-29,17102.550781,146.41968050169086
902,2022-05-02,17069.099609,146.13329574076454
903,2022-05-04,16677.599609,142.78155566114467
904,2022-05-05,16682.650391,142.82479680664355
905,2022-05-06,16411.25,140.501262788408
906,2022-05-09,16301.849609,139.5646556996704
907,2022-05-10,16240.049805,139.03557043790934
908,2022-05-11,16167.099609,138.41102357775782
909,2022-05-12,15808.0,135.33667223149695
910,2022-05-13,15782.150391,135.11536655965068
911,2022-05-16,15842.299805,135.63032237489833
912,2022-05-17,16259.299805,139.200375026754
913,2022-05-18,16240.299805,139.03771075724498
914,2022-05-19,15809.400391,135.348661367236
915,2022-05-20,16266.150391,139.25902479345916
916,2022-05-23,16214.700195,138.8185453961731
917,2022-05-24,16125.150391,138.05188468815547
918,2022-05-25,16025.799805,137.2013167672617
919,2022-05-26,16170.150391,138.43714216857154
920,2022-05-27,16352.450195,139.99786135011342
921,2022-05-30,16661.400391,142.64286966311371
922,2022-05-31,16584.550781,141.98493883823468
923,2022-06-01,16522.75,141.45584521210563
924,2022-06-02,16628.0,142.35691965241216
925,2022-06-03,16584.300781,141.98279851889905
926,2022-06-06,16569.550781,141.856519678096
927,2022-06-07,16416.349609,140.54492195539575
928,2022-06-08,16356.25,140.03039253456615
929,2022-06-09,16478.099609,141.07358083130003
930,2022-06-10,16201.799805,138.70810157955566
931,2022-06-13,15774.400391,135.04901666024568
932,2022-06-14,15732.099609,134.68686793373573
933,2022-06-15,15692.150391,134.34485159881854
934,2022-06-16,15360.599609,131.50635340096744
935,2022-06-17,15293.5,130.93189503873978
936,2022-06-20,15350.150391,131.41689474765633
937,2022-06-21,15638.799805,133.8881024356834
938,2022-06-22,15413.299805,131.9575343949317
939,2022-06-23,15556.650391,133.18479851889902
940,2022-06-24,15699.25,134.40563332049143
941,2022-06-27,15832.049805,135.5425692821369
942,2022-06-28,15850.200195,135.69795980480288
943,2022-06-29,15799.099609,135.26047351568855
944,2022-06-30,15780.25,135.09909678524033
945,2022-07-01,15752.049805,134.85766709473054
946,2022-07-04,15835.349609,135.57081981935707
947,2022-07-05,15810.849609,135.36106852446386
948,2022-07-06,15989.799805,136.89311078292883
949,2022-07-07,16132.900391,138.11823458756044
950,2022-07-08,16220.599609,138.8690519155858
951,2022-07-11,16216.0,138.82967338726937
952,2022-07-12,16058.299805,137.4795582808955
953,2022-07-13,15966.650391,136.69492222935662
954,2022-07-14,15938.650391,136.4552064637644
955,2022-07-15,16049.200195,137.4016539959762
956,2022-07-18,16278.5,139.3647532211806
957,2022-07-19,16340.549805,139.89597881083859
958,2022-07-20,16520.849609,141.4395754376953
959,2022-07-21,16605.25,142.16215059286844
960,2022-07-22,16719.449219,143.13984177903342
961,2022-07-25,16631.0,142.38260348443987
962,2022-07-26,16483.849609,141.12280817601987
963,2022-07-27,16641.800781,142.47507196609737
964,2022-07-28,16929.599609,144.93899755147467
965,2022-07-29,17158.25,146.89653696331493
966,2022-08-01,17340.050781,148.4529838705535
967,2022-08-02,17345.449219,148.4992013954882
968,2022-08-03,17388.150391,148.8647779718334
969,2022-08-04,17382.0,148.8121227687171
970,2022-08-05,17397.5,148.94482256752707
971,2022-08-08,17525.099609,150.0372382089808
972,2022-08-10,17534.75,150.1198578827961
973,2022-08-11,17659.0,151.18359659261162
974,2022-08-12,17698.150391,151.51877394803304
975,2022-08-16,17825.25,152.60690895081547
976,2022-08-17,17944.25,153.62570095458244
977,2022-08-18,17956.5,153.73057660202903
978,2022-08-19,17758.449219,152.03500893797352
979,2022-08-22,17490.699219,149.74272692949785
980,2022-08-23,17577.5,150.4858524891914
981,2022-08-24,17604.949219,150.72085286588757
982,2022-08-25,17522.449219,150.01454748512478
983,2022-08-26,17558.900391,150.32661607807884
984,2022-08-29,17312.900391,148.22054185180428
985,2022-08-30,17759.300781,152.04229939642997
986,2022-09-01,17542.800781,150.1887828517615
987,2022-09-02,17539.449219,150.1600891999486
988,2022-09-05,17665.800781,151.24181996489878
989,2022-09-06,17655.599609,151.15448490218742
990,2022-09-07,17624.400391,150.8873797440178
991,2022-09-08,17798.75,152.3800351012371
992,2022-09-09,17833.349609,152.6762519498309
993,2022-09-12,17936.349609,153.55806351611662
994,2022-09-13,18070.050781,154.70271633063655
995,2022-09-14,18003.75,154.1350969564659
996,2022-09-15,17877.400391,153.05338291169042
997,2022-09-16,17530.849609,150.08646555370063
998,2022-09-19,17622.25,150.86896965027182
999,2022-09-20,17816.25,152.52985745473225
1000,2022-09-21,17718.349609,151.69170505543428
1001,2022-09-22,17629.800781,150.9336139805659
1002,2022-09-23,17327.349609,148.3442456144857
1003,2022-09-26,17016.300781,145.68127033089337
1004,2022-09-27,17007.400391,145.60507162364624
1005,2022-09-28,16858.599609,144.33114686015153
1006,2022-09-29,16818.099609,143.98441512777705
1007,2022-09-30,17094.349609,146.34946799366466
1008,2022-10-03,16887.349609,144.5772835837507
1009,2022-10-04,17274.300781,147.89007988527888
1010,2022-10-06,17331.800781,148.38235333247724
1011,2022-10-07,17314.650391,148.2355240871538
1012,2022-10-10,17241.0,147.60498266341338
1013,2022-10-11,16983.550781,145.4008884979239
1014,2022-10-12,17123.599609,146.5998853559351
1015,2022-10-13,17014.349609,145.6645658062583
1016,2022-10-14,17185.699219,147.1315373400111
1017,2022-10-17,17311.800781,148.21112778562565
1018,2022-10-18,17486.949219,149.7106221394632
1019,2022-10-19,17512.25,149.92722914258806
1020,2022-10-20,17563.949219,150.3698404948418
1021,2022-10-21,17576.300781,150.4755856427379
1022,2022-10-24,17730.75,151.7978682419417
1023,2022-10-25,17656.349609,151.16090586019436
1024,2022-10-27,17736.949219,151.85094147510807
1025,2022-10-28,17786.800781,152.2777345233509
1026,2022-10-31,18012.199219,154.20743306365307
1027,2022-11-01,18145.400391,155.34780523950172
1028,2022-11-02,18082.849609,154.8122906468045
1029,2022-11-03,18052.699219,154.55416479602755
1030,2022-11-04,18117.150391,155.10594915457386
1031,2022-11-07,18202.800781,155.839225897864
1032,2022-11-09,18157.0,155.4471127092162
1033,2022-11-10,18028.199219,154.34441350113434
1034,2022-11-11,18349.699219,157.09686416677366
1035,2022-11-14,18329.150391,156.92093995120072
1036,2022-11-15,18403.400391,157.55661479388726
1037,2022-11-16,18409.650391,157.61012277727838
1038,2022-11-17,18343.900391,157.04721879200378
1039,2022-11-18,18307.650391,156.73687248833525
1040,2022-11-21,18159.949219,155.4723617910192
1041,2022-11-22,18244.199219,156.19364940713152
1042,2022-11-23,18267.25,156.3909935362356
1043,2022-11-24,18484.099609,158.24750318051454
1044,2022-11-25,18512.75,158.49278712383887
1045,2022-11-28,18562.75,158.92085099096784
1046,2022-11-29,18618.050781,159.3942963143701
1047,2022-11-30,18758.349609,160.59543349171696
1048,2022-12-01,18812.5,161.05903000727707
1049,2022-12-02,18696.099609,160.0624939771414
1050,2022-12-05,18701.050781,160.10488233380423
1051,2022-12-06,18642.75,159.60575317837421
1052,2022-12-07,18560.5,158.90158811694707
1053,2022-12-08,18609.349609,159.31980316767263
1054,2022-12-09,18496.599609,158.3545191472968
1055,2022-12-12,18497.150391,158.35923454475406
1056,2022-12-13,18608.0,159.30824879071957
1057,2022-12-14,18660.300781,159.7560102820941
1058,2022-12-15,18414.900391,157.6550694833269
1059,2022-12-16,18269.0,156.40597577158513
1060,2022-12-19,18420.449219,157.70257453876118
1061,2022-12-20,18385.300781,157.40165901288475
1062,2022-12-21,18199.099609,155.80753913787936
1063,2022-12-22,18127.349609,155.19326748854928
1064,2022-12-23,17806.800781,152.4489600702025
1065,2022-12-26,18014.599609,154.22798346817345
1066,2022-12-27,18132.300781,155.23565584521214
1067,2022-12-28,18122.5,155.1517486408972
1068,2022-12-29,18191.0,155.73819613886394
1069,2022-12-30,18105.300781,155.00450135696246
1070,2023-01-02,18197.449219,155.79340969136595
1071,2023-01-03,18232.550781,156.0939238988057
1072,2023-01-04,18042.949219,154.4706923419374
1073,2023-01-05,17992.150391,154.0357894867514
1074,2023-01-06,17859.449219,152.89969794957406
1075,2023-01-09,18101.199219,154.96938674714266
1076,2023-01-10,17914.150391,153.36800985403022
1077,2023-01-11,17895.699219,153.21004425324256
1078,2023-01-12,17858.199219,152.88899635289584
1079,2023-01-13,17956.599609,153.73142938230384
1080,2023-01-16,17894.849609,153.20277050639956
1081,2023-01-17,18053.300781,154.55931493514834
1082,2023-01-18,18165.349609,155.51859602756733
1083,2023-01-19,18107.849609,155.026322580369
1084,2023-01-20,18027.650391,154.339714832413
1085,2023-01-23,18118.550781,155.11793828175163
1086,2023-01-24,18118.300781,155.11579796241602
1087,2023-01-25,17891.949219,153.1779394632079
1088,2023-01-27,17604.349609,150.7157194383802
1089,2023-01-30,17648.949219,151.09754906896106
1090,2023-01-31,17662.150391,151.21056796370019
1091,2023-02-01,17616.300781,150.8180367364411
1092,2023-02-02,17610.400391,150.7675218612217
1093,2023-02-03,17854.050781,152.85348042463937
1094,2023-02-06,17764.599609,152.0876641325286
1095,2023-02-07,17721.5,151.71867642652285
1096,2023-02-08,17871.699219,153.00457359702065
1097,2023-02-09,17893.449219,153.19078137922176
1098,2023-02-10,17856.5,152.87444886777106
1099,2023-02-13,17770.900391,152.1416068747057
1100,2023-02-14,17929.849609,153.50241521338987
1101,2023-02-15,18015.849609,154.23868506485167
1102,2023-02-16,18035.849609,154.40991061170328
1103,2023-02-17,17944.199219,153.62526620435767
1104,2023-02-20,17844.599609,152.77256631993495
1105,2023-02-21,17826.699219,152.61931611660458
1106,2023-02-22,17554.300781,150.28723754120116
1107,2023-02-23,17511.25,149.9186678652455
1108,2023-02-24,17465.800781,149.52956449638287
1109,2023-02-27,17392.699219,148.90372174992507
1110,2023-02-28,17303.949219,148.14390838577114
1111,2023-03-01,17450.900391,149.40199812508027
1112,2023-03-02,17321.900391,148.2975933478875
1113,2023-03-03,17594.349609,150.6301066649544
1114,2023-03-06,17711.449219,151.6326289028723
1115,2023-03-08,17754.400391,152.00034579855313
1116,2023-03-09,17589.599609,150.58944059757718
1117,2023-03-10,17412.900391,149.07666958606222
1118,2023-03-13,17154.300781,146.86272660416935
1119,2023-03-14,17043.300781,145.91242481914304
1120,2023-03-15,16972.150391,145.3032865973203
1121,2023-03-16,16985.599609,145.41842908265915
1122,2023-03-17,17100.050781,146.3982773083344
1123,2023-03-20,16988.400391,145.44240735413723
1124,2023-03-21,17107.5,146.46205213817902
1125,2023-03-22,17151.900391,146.84217619964897
1126,2023-03-23,17076.900391,146.20008039895552
1127,2023-03-24,16945.050781,145.0712793202346
1128,2023-03-27,16985.699219,145.41928187149523
1129,2023-03-28,16951.699219,145.1281984418475
1130,2023-03-29,17080.699219,146.23260321904027
1131,2023-03-31,17359.75,148.6216343478447
1132,2023-04-03,17398.050781,148.94953795642311
1133,2023-04-05,17557.050781,150.31078105389327
1134,2023-04-06,17599.150391,150.67120749111766
1135,2023-04-10,17624.050781,150.88438663584608
1136,2023-04-11,17722.300781,151.72553213475453
1137,2023-04-12,17812.400391,152.49689988442273
1138,2023-04-13,17828.0,152.63045246350754
1139,2023-04-17,17706.849609,151.5932503659946
1140,2023-04-18,17660.150391,151.19344540901503
1141,2023-04-19,17618.75,150.83900517957278
1142,2023-04-20,17624.449219,150.88779777406788
1143,2023-04-21,17624.050781,150.88438663584608
1144,2023-04-24,17743.400391,151.90617174778475
1145,2023-04-25,17769.25,152.12747741963102
1146,2023-04-26,17813.599609,152.50716672231496
1147,2023-04-27,17915.050781,153.37571834253671
1148,2023-04-28,18065.0,154.65947519369888
1149,2023-05-02,18147.650391,155.36706811352252
1150,2023-05-03,18089.849609,154.87221958820257
1151,2023-05-04,18255.800781,156.2929735970207
1152,2023-05-05,18069.0,154.69372030306923
1153,2023-05-08,18264.400391,156.3665972432687
1154,2023-05-09,18265.949219,156.37985718933263
1155,2023-05-10,18315.099609,156.8006473096186
1156,2023-05-11,18297.0,156.64569153717736
1157,2023-05-12,18314.800781,156.7980889602329
1158,2023-05-15,18398.849609,157.51765428705963
1159,2023-05-16,18286.5,156.55579812508026
1160,2023-05-17,18181.75,155.65900432344506
1161,2023-05-18,18129.949219,155.2155234707418
1162,2023-05-19,18203.400391,155.84435932537133
1163,2023-05-22,18314.400391,156.79466111039767
1164,2023-05-23,18348.0,157.0823166816489
1165,2023-05-24,18285.400391,156.54638406746287
1166,2023-05-25,18321.150391,156.8524497324601
1167,2023-05-26,18499.349609,158.37806265998887
1168,2023-05-29,18598.650391,159.2282041950259
1169,2023-05-30,18633.849609,159.5295544625658
1170,2023-05-31,18534.400391,158.67814212576516
1171,2023-06-01,18487.75,158.27875519027438
1172,2023-06-02,18534.099609,158.6755670476435
1173,2023-06-05,18593.849609,159.18710336886264
1174,2023-06-06,18599.0,159.23119729463636
1175,2023-06-07,18726.400391,160.3219073755404
1176,2023-06-08,18634.550781,159.53555739052268
1177,2023-06-09,18563.400391,158.92641916869997
1178,2023-06-12,18601.5,159.25260048799282
1179,2023-06-13,18716.150391,160.23415428277897
1180,2023-06-14,18755.900391,160.5744650571465
1181,2023-06-15,18688.099609,159.99400375840077
1182,2023-06-16,18826.0,161.1746072514019
1183,2023-06-19,18755.449219,160.5706024485253
1184,2023-06-20,18816.699219,161.0949806857583
1185,2023-06-21,18856.849609,161.43871930996104
1186,2023-06-22,18771.25,160.70587731689568
1187,2023-06-23,18665.5,159.8005222379179
1188,2023-06-26,18691.199219,160.02054037926456
1189,2023-06-27,18817.400391,161.10098361371516
1190,2023-06-28,18972.099609,162.42540652369334
1191,2023-06-30,19189.050781,164.28278567698302
1192,2023-07-03,19322.550781,165.4257162022174
1193,2023-07-04,19389.0,165.99460639527416
1194,2023-07-05,19398.5,166.07593853002868
1195,2023-07-06,19497.300781,166.92179941783317
1196,2023-07-07,19331.800781,165.50490801763624
1197,2023-07-10,19355.900391,165.71123146269423
1198,2023-07-11,19439.400391,166.42609812079962
1199,2023-07-12,19384.300781,165.95437507812167
1200,2023-07-13,19413.75,166.20649800950304
1201,2023-07-14,19564.5,167.4971105688969
1202,2023-07-17,19711.449219,168.75518358803131
1203,2023-07-18,19749.25,169.07880655793846
1204,2023-07-19,19833.150391,169.7971010744403
1205,2023-07-20,19979.150391,171.0470475664569
1206,2023-07-21,19745.0,169.04242112923248
1207,2023-07-24,19672.349609,168.42044098283463
1208,2023-07-25,19680.599609,168.4910715209109
1209,2023-07-26,19778.300781,169.327518351098
1210,2023-07-27,19659.900391,168.3138597748384
1211,2023-07-28,19646.050781,168.19528942254186
1212,2023-07-31,19753.800781,169.1177670562048
1213,2023-08-01,19733.550781,168.94440119001757
1214,2023-08-02,19526.550781,167.1722167801036
1215,2023-08-03,19381.650391,165.93168435426563
1216,2023-08-04,19517.0,167.09044989512435
1217,2023-08-07,19597.300781,167.7779271520911
1218,2023-08-08,19570.849609,167.55147133256284
1219,2023-08-09,19632.550781,168.07971217841703
1220,2023-08-10,19543.099609,167.31389588630626
1221,2023-08-11,19428.300781,166.33107128119516
1222,2023-08-14,19434.550781,166.3845792645863
1223,2023-08-16,19465.0,166.64526347331022
1224,2023-08-17,19365.25,165.7912760583879
1225,2023-08-18,19310.150391,165.31955302427122
1226,2023-08-21,19393.599609,166.0339849235906
1227,2023-08-22,19396.449219,166.05838122511878
1228,2023-08-23,19444.0,166.46547664911603
1229,2023-08-24,19386.699219,165.97490877102862
1230,2023-08-25,19265.800781,164.939863713026
1231,2023-08-28,19306.050781,165.2844551260648
1232,2023-08-29,19342.650391,165.59779453790503
1233,2023-08-30,19347.449219,165.6388786353324
